Donor_id,First_name,Last_name,Gender,Age,Blood_id,Address,Postcode,Contact,City
1,John,Smith,M,35,1,"Love Lane","HA2 3ED",2070184133,London
2,Sam,Oakes,F,30,6,"Marsh Road","HA4 2DA",2070182130,London
3,Tony,Wolf,M,32,4,"Preston Road","KA4 1DH",2070182122,Bristol
4,Robin,Brown,M,40,3,"Tower Lane","TK4 2BA",2070182143,Bristol
5,Thomas,Hardy,M,35,2,"Love Lane2","HA1 3ED",2070187133,London
6,Elizabeth,Brown,F,32,6,"Marsh Road2","HB4 5DA",2072182130,London
7,Anna,Devon,F,31,4,"Preston Road","KA1 1DH",2072182122,Bristol
8,Maria,Larsson,F,40,3,"Tower Lane","TA2 2BA",2070182243,Bristol
9,Yang,Wang,M,28,3,"Tower Lane","PA2 2BA",2070182223,Manchester
15,Ashwini,Bani,F,33,2,"LL Lane","HA1 1EX",2070188888,London
